{
  "horizon": 720,
  "priceSchema": [
    0.198,
    0.198,
    0.198,
    0.198,
    0.225,
    0.225,
    0.249,
    0.849,
    0.849,
    0.225,
    0.225,
    0.198
  ],
  "agents": {"h1": {
    "neighbors": [],
    "backgroundLoad": [
      0.1477492016781605,
      0.2278709329162865,
      0.12214706813172588,
      0.24668606211233723,
      0.014534303137688841,
      0.14768941153807502,
      0.14300495829941495,
      0.24290771087413932,
      0.08716052178877311,
      0.2699487834238408,
      0.16293227104842525,
      0.021072613625660572,
      0.2396993342138514,
      0.21747364997688276,
      0.1078049860148999,
      0.2789076672578179,
      0.2828332449555113,
      0.18847157126894323,
      0.2906993792754843,
      0.2028671026785191,
      0.2249289195917549,
      0.10418886959728718,
      0.2147439775195239,
      0.18274992306787144,
      0.2956540041020506,
      0.20530521869481408,
      0.13674948350017185,
      0.05605541793685454,
      0.2953361459678607,
      0.28637341180824866,
      0.2019201628694861,
      0.2688173920935755,
      0.06978731914379654,
      0.2084666440815604,
      0.12443349090996758,
      0.27682462911096595,
      0.1684728236311931,
      0.04338572426386726,
      0.24594641843903833,
      0.2427308718785837,
      0.008417263886288606,
      0.23964029130400594,
      0.20669128221375063,
      0.02851037005063256,
      0.07905192364349961,
      0.02911351615326417,
      0.0653847179299968,
      0.05235822440612653,
      0.030380998630443655,
      0.19709101713878222,
      0.2218086565214157,
      0.18112565033986713,
      0.13477364232808722,
      0.05257852269650021,
      0.10263550032696031,
      0.1494236121448931,
      0.2572662919682604,
      0.28921208827201417,
      0.033969875752343656,
      0.004399753620651791,
      0.0030203624173150254,
      0.0442157000187425,
      0.08134620120806652,
      0.21621246087790505,
      0.06450157087313073,
      0.1400600436299486,
      0.025639158024718445,
      0.14432696433720685,
      0.2881029087113567,
      0.07957472229714947,
      0.2536816145514661,
      0.020732688366743402,
      0.07410864827674414,
      0.13211349252531565,
      0.056691420055971664,
      0.15435619686221966,
      0.13475026639561846,
      0.02394065284705984,
      0.18602363959639126,
      0.0997569374904204,
      0.06605074639171302,
      0.004185481920816758,
      0.08754962800060918,
      0.22880110971434742,
      0.27728722301659325,
      0.1909038282534959,
      0.14749041445374025,
      0.006375029969412215,
      0.19564305883381602,
      0.16135133151731051,
      0.19192647792133213,
      0.0011571075156014076,
      0.0778959867316505,
      0.21961315236287457,
      0.17342593813249188,
      0.1048512611933324,
      0.29531373067041894,
      0.12098298115349622,
      0.21388145716922513,
      0.1746775281380542,
      0.29773115602213707,
      0.25836122976146475,
      0.16300917823825278,
      0.2288004468803898,
      0.12347873963900079,
      0.22396601805145408,
      0.13748692461359813,
      0.0850068576351568,
      0.008036012339222465,
      0.2721494235770396,
      0.10142087753757618,
      0.24971904406279344,
      0.1162858286584552,
      0.20400307703719275,
      0.13377628718532755,
      0.16414581870049158,
      0.2452633902525521,
      0.13874173911873774,
      0.16507298560581887,
      0.06279390322853946,
      0.04848174530332515,
      0.278354701830888,
      0.12508284441444692,
      0.22340415089224938,
      0.16454427653561568,
      0.26454668820291966,
      0.15307149617484847,
      0.16742309571609537,
      0.22561632349405786,
      0.07892159086869324,
      0.21654811007626915,
      0.09443949681290073,
      0.17267543043856112,
      0.04262172025649432,
      0.046798389109094805,
      0.273146762448093,
      0.26022733617708177,
      0.03260360595932438,
      0.2858159802103988,
      0.005447982102826976,
      0.05199024199672533,
      0.1479615005078446,
      0.2639057276975792,
      0.1152412159721485,
      0.2730221076893193,
      0.26401521188665805,
      0.13985530428047915,
      0.09977556632272375,
      0.24200419615650248,
      0.16368567658223157,
      0.17366231397420634,
      0.28547663304270554,
      0.24815161793466634,
      0.2766673608756159,
      0.1605023233837959,
      0.14609629310994698,
      0.2317579695511932,
      0.0772286242186488,
      0.0205978023660217,
      0.19708237515341928,
      0.0466743877817827,
      0.10837768314830443,
      0.05493942585613413,
      0.13646548446460405,
      0.24573096255611096,
      0.009630479919160384,
      0.14483374921263545,
      0.20011865966644532,
      0.08582864188565062,
      0.1379621366864843,
      0.11166015898004435,
      0.18202530990480914,
      0.22364649294236838,
      0.24358384479071565,
      0.220030043427257,
      0.27582097746269213,
      0.01991303501258772,
      0.19378021822218583,
      0.20537732864382047,
      0.2461401414159378,
      0.1801186706189122,
      0.2276503321707698,
      0.11686285251738948,
      0.010409332224142842,
      0.022967664417128796,
      0.09462716809526292,
      0.12305749043021115,
      0.1006077230035376,
      0.13802153372766998,
      0.19970545452041755,
      0.021243512398125775,
      0.0862561643879999,
      0.06104984819864292,
      0.2583837586053085,
      0.16071638147174852,
      0.027226365261533558,
      0.05217953990153875,
      0.11954288917461986,
      0.18623977834220734,
      0.14527023459804728,
      0.1461811783392342,
      0.21492034364202176,
      0.17707582506855038,
      0.07068564458023639,
      0.20395036207556647,
      0.16504972692514572,
      0.2703554474000139,
      0.285413723542359,
      0.23973941467195686,
      0.12415502841341257,
      0.24158584953373446,
      0.28721077313340654,
      0.12600167189970016,
      0.18028583151274652,
      0.29783640405970435,
      0.25165876818508054,
      0.1130268161596169,
      0.20705489520280201,
      0.03543259661376117,
      0.141980735343844,
      0.05157950501834328,
      0.23451586600159177,
      0.23229816138672663,
      0.20594039158040983,
      0.20856688164971224,
      0.06333394012425925,
      0.09258295316020763,
      0.27822959331638053,
      0.1962566030216086,
      0.20392924056271572,
      0.1663004731550121,
      0.13185472275482926,
      0.27160909102912906,
      0.07456003701558345,
      0.13236055145782902,
      0.14868730910056951,
      0.012237967024059758,
      0.1954106704468467,
      0.005553128532455187,
      0.2697788996872946,
      0.18518982396110006,
      0.051654940745365904,
      0.18975191896209784,
      0.14073279290684557,
      0.10782762176091228,
      0.11066979901958536,
      0.02903955192297971,
      0.12004185214392239,
      0.26145829345356963,
      0.006585476597071915,
      0.1849353434736194,
      0.23362375918984254,
      0.25395096710332027,
      0.19077607356546702,
      0.26485472512268304,
      0.269634938275412,
      0.06082132895036435,
      0.1700225191621724,
      0.01964324540737441,
      0.2992480972272646,
      0.040165628267512354,
      0.059128171944396485,
      0.2839869532919678,
      7.233919209570949E-4,
      0.0981957815083719,
      0.25441765266491695,
      0.2545704782948051,
      0.02009492218544462,
      0.02362646468825671,
      0.07777249190775283,
      0.2704539834025481,
      0.2111458748883005,
      0.01586083825724044,
      0.07496040237263478,
      0.2589049401236537,
      0.170994419937984,
      0.1255029585299387,
      0.11894307726971833,
      0.10726187922794153,
      0.039737369141981414,
      0.27813241625448487,
      0.14051890403092057,
      0.2995488071031331,
      0.05950777724567807,
      0.15843048188472666,
      0.22759377489085286,
      0.04050127911035007,
      0.07701838366111491,
      0.09850045727334046,
