{
  "horizon": 720,
  "priceSchema": [
    0.198,
    0.198,
    0.198,
    0.198,
    0.225,
    0.225,
    0.249,
    0.849,
    0.849,
    0.225,
    0.225,
    0.198
  ],
  "agents": {"h1": {
    "neighbors": [],
    "backgroundLoad": [
      0.07815084975340346,
      0.18829107965573755,
      0.24978317854721777,
      3.4184782832528124E-4,
      0.004028953038471783,
      0.27017360655046324,
      0.12900288928182108,
      0.2793683869898689,
      0.0036425036544532885,
      0.1861885676742215,
      0.21406477295360046,
      0.27944249781454117,
      0.05470843650450839,
      0.11971514938703914,
      0.1975303214185203,
      0.1837208796422708,
      0.24150945135016114,
      0.12297994802166606,
      0.1416744216116825,
      0.2539238008326782,
      0.197361955094176,
      0.21460429589888066,
      0.2847143185144731,
      0.09828576665268234,
      0.2158979451270618,
      0.12761150637167362,
      0.0160168451274456,
      0.10336591399139204,
      0.12188829437644849,
      0.05867120402612164,
      0.18298201789198443,
      0.22081187879831687,
      0.05128553326672939,
      0.2121790110195811,
      0.22518653486460938,
      0.13453340122786603,
      0.15511503545146363,
      0.12291054847623338,
      0.020559789613923938,
      0.19761702083513555,
      0.059251643101959094,
      0.18862300586661035,
      0.0303123729466069,
      0.053307879184584336,
      0.08231947394494797,
      0.28295309863448087,
      0.12568767002909906,
      0.010094264012018394,
      0.17117386928166947,
      0.1501883899406995,
      0.16112633927997225,
      0.23469003024728058,
      0.07551007373757312,
      0.2963691847910536,
      0.12428370800067723,
      0.0018170510977833841,
      0.23189827073489938,
      0.16427332428924465,
      0.16222912040452567,
      0.20321051566170154,
      0.09431422944528013,
      0.20772831447063095,
      0.07344875769975942,
      0.14432945195483862,
      0.0896743286467196,
      0.2522347113096714,
      0.18845275391165198,
      0.2741087857498691,
      0.1817624130425683,
      0.015108155085021313,
      0.14254848036689444,
      0.10289426044927104,
      0.09430872775327737,
      0.11196620160340844,
      0.043802793543981845,
      0.22182745509435986,
      0.17256259078798658,
      0.12895638554332287,
      0.0529897384605868,
      0.031143491818881874,
      0.13036535495874538,
      0.02258723682443069,
      0.2550986916369588,
      0.10692408391521409,
      0.07323760112927673,
      0.2889486426810697,
      0.007779020068576536,
      0.011640574322646957,
      0.24168345761010138,
      0.01635889191963433,
      0.1309624503844727,
      0.18929624797029276,
      0.03300047582184605,
      0.2948804656134,
      0.0758479208281569,
      0.09597102713757022,
      0.07842278419574357,
      0.025937485756656418,
      0.1210249427641426,
      0.00492180776811939,
      0.05050218123758109,
      0.09941815591391784,
      0.019583479504912703,
      0.25810578027274295,
      0.24915652403620597,
      0.2707219613796791,
      0.0025559033432698383,
      0.28803322542935417,
      0.007138135013857693,
      0.13359072177136408,
      0.10667989317598937,
      0.25619650987564657,
      0.12719102142504826,
      0.297617461130466,
      0.11501221323344667,
      0.21222424857956687,
      0.19251226258628368,
      0.27219080637447174,
      0.11706661593981402,
      0.20234263426530838,
      0.03151934969641251,
      0.2116370004113207,
      0.1676398948536413,
      0.2585365223099851,
      0.270339670571497,
      0.21461671669018334,
      0.03305162247964476,
      0.04820689825968899,
      0.1281315485451316,
      0.1353444918943226,
      0.15439484723318694,
      0.01606157146244337,
      0.12333221054284933,
      0.2665191005053549,
      0.01948558408691655,
      0.061289028644028215,
      0.2546076151497564,
      0.13195435961634258,
      0.24536377359486533,
      0.04142419696104923,
      0.07133807685094883,
      0.17416944529161946,
      0.09618987804747692,
      0.1757880619785249,
      0.2239872198688401,
      0.24458043027844814,
      0.28663986746797177,
      0.023847570009139174,
      0.042142141748200974,
      0.2680785875291645,
      0.07063712395450558,
      0.08239414198411504,
      0.26193153074501124,
      0.08262130577021377,
      0.2426070048589431,
      0.13646004001102155,
      0.20907853414904953,
      0.1383558959483854,
      0.2993401231931964,
      0.25159311503604725,
      0.29656635419159955,
      0.016004347240875016,
      0.017749735074355788,
      0.2389503705603233,
      0.04105196266691003,
      0.05015631618899943,
      0.2177443797081503,
      0.22963825517159825,
      0.18399596460930778,
      0.2705515010289509,
      0.03665310579040868,
      0.027241042651320612,
      0.0156927154496997,
      0.03131758476334501,
      0.043429794620370776,
      0.024388472970280538,
      0.15791673206857568,
      0.03346342803277982,
      0.1781020323998266,
      0.011805587992737532,
      0.20256322413479702,
      0.05923123335744361,
      0.10810181840395026,
      0.07993471714532448,
      0.24328606787726806,
      0.11759064787256512,
      0.2710595102729307,
      0.20708797684561933,
      0.2930203832407676,
      0.25896822627056376,
      0.2720825772031212,
      0.11815955039612358,
      0.27613096148811317,
      0.2521983684737812,
      0.15480554495879156,
      0.10354024707016685,
      0.2184774427555177,
      0.1291677959633686,
      0.07193717516857473,
      0.07430413571615421,
      0.08244732714397336,
      0.13096800969380734,
      0.27219021506978036,
      0.0573650643317956,
      0.26535331378621213,
      0.26065458545475984,
      0.18436544496481977,
      0.07500084879652359,
      0.2737376113141703,
      0.11069114641710327,
      0.22465515175322778,
      0.10106918697280443,
      0.27712520056225043,
      0.036759092261638204,
      0.2212714648131415,
      0.2969699376158825,
      0.22262845555548957,
      0.09394205655499291,
      0.2731886035121653,
      0.05956097651838492,
      0.23749264940401194,
      0.036290277465781215,
      0.06848075899176966,
      0.24891562279066787,
      0.19571717194698465,
      0.1985765590030543,
      0.18306039828091353,
      0.058514800495787694,
      0.01832557159224618,
      0.26866476907061904,
      0.18639804525363216,
      0.1554942158026583,
      0.0664948304276106,
      0.21254650049683946,
      0.06369768050385416,
      0.1590105165892662,
      0.27446568473038785,
      0.11536918413138597,
      0.12275053412381524,
      0.1318113998142915,
      0.04148411677773743,
      0.1581604464849192,
      0.1941833306717979,
      0.256903101146611,
      0.20402502511867246,
      0.2079909756772062,
      0.02153228338952352,
      0.18184312759324617,
      0.22178766778552744,
      0.034289390526662786,
      0.2218640546690297,
      0.0907493441006465,
      9.835966741901013E-4,
      0.016986998062684833,
      0.16136412503593184,
      0.05009296732740617,
      0.06842294233931565,
      0.05813074624849099,
      0.052473169759505785,
      0.11919424390387605,
      0.004872616823259679,
      0.0366000363089649,
      0.2500975987171876,
      0.09309384778373397,
      0.13189505772602741,
      0.13102904017661782,
      0.24838700495440452,
      0.12801934414267863,
      0.10867271739685902,
      0.13106249851131116,
      0.22511479912367943,
      0.13829547660182442,
      0.25603261515174625,
      0.12250954774730037,
      0.07836212299887736,
      0.1629354934190249,
      0.17186464473485052,
      0.21953710288585304,
      0.22057277809805517,
      0.28406890357158526,
      0.22396042001187233,
      0.23390155426922327,
      0.22661056787265468,
      0.22869747703034546,
      0.14161316671249305,
      0.275148806782656,
      0.19432894622179722,
      0.12313793769226417,
      0.280749517981175,
