{
  "horizon": 720,
  "priceSchema": [
    0.198,
    0.198,
    0.198,
    0.198,
    0.225,
    0.225,
    0.249,
    0.849,
    0.849,
    0.225,
    0.225,
    0.198
  ],
  "agents": {"h1": {
    "neighbors": [],
    "backgroundLoad": [
      0.10707510776795819,
      0.0708230991660305,
      0.12464932992757115,
      0.2183350433965419,
      0.15028365146930375,
      0.137123794138018,
      0.07345462710319008,
      0.21323035007512295,
      0.25047739803798724,
      0.22183825579456937,
      0.21925100712974163,
      0.14782541567556523,
      0.07231978147772425,
      0.24727938059835353,
      0.013563892266645826,
      0.1495446033548101,
      0.12845305807103857,
      0.07068921410542085,
      0.12044898585994339,
      0.11577623762684514,
      0.18384776315460946,
      0.10208668010053461,
      0.15631773171217042,
      0.054167598548822284,
      0.07510055541982012,
      0.21903176458907278,
      0.027311821122505717,
      0.15819692396820903,
      0.29790381891420137,
      0.21268553634245696,
      0.2099671303893388,
      0.14575471915911545,
      0.25156349952669665,
      0.277308814970775,
      0.15664198118723932,
      0.25704578227111985,
      0.0879692039959016,
      0.0746073337324766,
      0.17417314285720972,
      0.05476292828794219,
      0.01265776795979554,
      0.2220423637538965,
      0.2808331842744522,
      0.23381901479567876,
      0.2974862258608296,
      0.18756977489156923,
      0.020984903041630153,
      0.2795972635615698,
      0.038987205450497095,
      0.1806467683530865,
      0.16003542489469566,
      0.08210286911172861,
      0.2365475658814673,
      0.11805838740422243,
      0.0040813075180928466,
      0.13595987119475267,
      0.029210124188079365,
      0.03458175095749092,
      0.24104529382464807,
      0.03157366082356804,
      0.17579510648583432,
      0.2443245818479513,
      0.23636789916835146,
      0.051294605395384295,
      0.256913196918953,
      0.24688128976645254,
      0.2633354517686247,
      0.02578844781388895,
      0.25058270959795914,
      0.04857239297600136,
      0.06604167345336687,
      0.19171681559827028,
      0.02808453219844734,
      0.15208259797923326,
      0.18696069353974207,
      0.12133596616101051,
      0.29998803398556423,
      0.21743292974532077,
      0.2564813171418679,
      0.10273925583885543,
      0.030427333161050008,
      0.27597913322081563,
      0.2241135080801553,
      0.16523464816563926,
      0.11224314176109304,
      0.20321432893237729,
      0.28546113184047767,
      0.1124889755523714,
      0.20080129940417388,
      0.08202002630181858,
      0.03145239649511362,
      0.2053563161235856,
      0.09429734661445116,
      0.0697627588510818,
      0.13987610040693568,
      0.20453923936970206,
      0.2547043475172105,
      0.08387477427493015,
      0.08011674779401938,
      0.23799824913808465,
      0.1290669026150088,
      0.246500468366299,
      0.1774347674120543,
      0.29442164221276895,
      0.07812378694243956,
      0.24278591388326237,
      0.18839667184451922,
      0.09633856825755541,
      0.2611909439335951,
      0.21580149260042478,
      0.08031694745678092,
      0.2888856469682283,
      0.019724589697120952,
      0.0896177364174757,
      0.06948566578581718,
      0.15133878294556177,
      0.040684791173202825,
      6.060618510717042E-5,
      0.23514191199486253,
      0.08776972824301937,
      0.20497778211386153,
      0.20472027715606916,
      0.21760306232924126,
      0.10747706605052472,
      0.11871372724375612,
      0.0368521692057856,
      0.2965869783024725,
      0.29428069878673174,
      0.051989460440537656,
      0.07239626118205997,
      0.1791925803397736,
      0.05196730956582972,
      0.06196565164006487,
      0.09995128408087331,
      0.2884997043227488,
      0.2770036200118264,
      0.005841711709359543,
      0.23917325439393838,
      0.07262863386261727,
      0.03245804445669576,
      0.21356285015609747,
      0.18460957870593084,
      0.08424481031724818,
      0.19475429846731485,
      0.2175969300452798,
      0.07889884650992525,
      0.10665658326866125,
      0.04847094175621107,
      0.24100149233829007,
      0.2510369685845597,
      0.20273465246926156,
      0.1651071270559584,
      0.2571380889227075,
      0.2979787518171024,
      0.28835092113040806,
      0.07111921277483584,
      0.2399732660899197,
      0.052281037171802144,
      0.2940094673794172,
      0.19009210895006037,
      0.1539536418936486,
      0.1520815136148388,
      0.09675427221707987,
      0.01882973928614402,
      0.17503303582586485,
      0.0933306948384346,
      0.28529025874417124,
      0.08526317926058823,
      0.16119973942943944,
      0.15880480719774206,
      0.27039620503197037,
      0.09444370693525751,
      0.07338441650343698,
      0.26833434083577534,
      0.18389922856217444,
      0.15966785469967273,
      0.058361533630192204,
      0.1595040824023907,
      0.08217158575385321,
      0.09878444672409678,
      0.16308517616346677,
      0.05214100623260389,
      0.22224663100973477,
      0.14544031685778672,
      0.09483365828134184,
      0.18894678676095558,
      0.28895007769851005,
      0.22577603621461168,
      0.27123763596399303,
      0.188493971347488,
      0.03192923564625059,
      0.15418661153964716,
      0.10004721634075626,
      0.1294082605827358,
      0.04966896529400067,
      0.21288310278376837,
      0.10580300904135745,
      0.24366545532825493,
      0.21445351701032572,
      0.004586469740569976,
      0.13408071027140492,
      0.12372209540519424,
      0.035701403641976014,
      0.2818530855467316,
      0.28694024947370284,
      0.2723385534588678,
      0.20989839507690444,
      0.05581096899919506,
      0.09747390048502552,
      0.24962213985631965,
      0.18453172293477177,
      0.20376963452500055,
      0.059274514075242396,
      0.0017112390510803488,
      0.028597747725332277,
      0.13075305108372534,
      0.2938997302661513,
      0.06665796277251401,
      0.19493199430940858,
      0.14546805132971838,
      0.011565675303431899,
      0.053976390268493844,
      0.0876586600817274,
      0.052931045189016,
      0.12815885916336384,
      0.13274450753881487,
      0.0013573988056747143,
      0.05285387549739957,
      0.199029703105713,
      0.09829656196009673,
      0.058521685208755225,
      0.285124341449876,
      0.15707724024710604,
      0.12553255047553885,
      0.10881962064767219,
      0.1621480689095922,
      0.05460014998221436,
      0.08716830118950958,
      0.2196815379879802,
      0.19562386433289888,
      0.11861263764161031,
      0.28951440154344454,
      0.12431712049210873,
      0.2971024657699002,
      0.07218687354011283,
      0.2501317837991987,
      0.2086910258026593,
      0.29352343381935647,
      0.187780987371875,
      0.13466451960566458,
      0.03923828858249266,
      0.16827861649521508,
      0.06976083281577389,
      0.2643172205054205,
      0.02354830141317681,
      0.13072397561070995,
      0.1849211980534005,
      0.08621306188055992,
      0.18643807866852388,
      0.26993221485548735,
      0.25229562908816544,
      0.15223228942091044,
      0.03682581691668224,
      0.19319511658803729,
      0.0396714151119282,
      0.13340604567764436,
      0.19072471864078752,
      0.2845779507476424,
      0.029539010560521828,
      0.0063934959824615166,
      0.23059364113533234,
      0.13198381597076536,
      0.2518305571346947,
      0.1015220677726767,
      0.22079435685257787,
      0.0034632319536727074,
      0.15430661661428846,
      0.20186827592602202,
      0.03355445883838804,
      0.13823034097786147,
      0.23431623987814496,
      0.14080332619748556,
      0.09050262623628616,
      0.1377722016132383,
      0.12211267619985176,
      0.1915890371976481,
      0.19777478911079813,
      0.013624682822563017,
