{
  "horizon": 720,
  "priceSchema": [
    0.198,
    0.198,
    0.198,
    0.198,
    0.225,
    0.225,
    0.249,
    0.849,
    0.849,
    0.225,
    0.225,
    0.198
  ],
  "agents": {"h1": {
    "neighbors": [],
    "backgroundLoad": [
      0.08077993369794785,
      0.010208740377624736,
      0.18689271420032247,
      0.0732072597788978,
      0.17913863496282378,
      0.082803694544464,
      0.28353693690694415,
      0.15390341674756478,
      0.24410519621687998,
      0.2772693551077273,
      0.03026658461211119,
      0.2048219271053565,
      0.028310856437004494,
      0.2488001755406402,
      0.11409530927573208,
      0.18743934902700624,
      0.027067776513413234,
      0.18572911141355705,
      0.23433481629224562,
      0.031693249248418195,
      0.209426048681946,
      0.19262478477443373,
      0.2649949458980901,
      0.11027970235060944,
      0.13723409573291107,
      0.11522216064203722,
      0.22602758673312345,
      0.22296939332621826,
      0.049648417545731634,
      0.28070164411047155,
      0.025675050064463543,
      0.04506010011411763,
      0.0015927677153381391,
      0.26491242756425315,
      0.0018863292187627167,
      0.20566980577929792,
      0.08456090556383519,
      0.2819204142468974,
      0.22362270656945102,
      0.2118233608541253,
      0.23338635502819832,
      0.13177965064112235,
      0.13079131719899686,
      0.19606294028384452,
      0.15693728429249526,
      0.11144700218878355,
      0.0826320554149551,
      0.2865622823536092,
      0.2891485894054626,
      0.26564504216617135,
      0.13280839374716508,
      0.24929274254814557,
      0.04142797495925264,
      0.294846501452248,
      0.22341478337276122,
      0.08255958672897742,
      0.042538730331200876,
      0.060759399801275545,
      0.06053905931592546,
      0.1432542821441193,
      0.07780149643284306,
      0.10339098317823629,
      0.2999114792566626,
      0.06387130246410536,
      0.0491373417032811,
      0.09510748849811503,
      0.171190338528973,
      0.29684784232090833,
      0.04805181067501952,
      0.07404135902265331,
      0.07617193200374092,
      0.18484040133458748,
      0.06266732901942261,
      0.12946935175059243,
      0.17021301600274405,
      0.1997439273874888,
      0.08466301450814184,
      0.11865130724634802,
      0.21520813679033426,
      0.27856931847349464,
      0.20254721486329805,
      0.24631022208211553,
      0.2255082908392847,
      0.13117689635934293,
      0.20678701036850394,
      0.27593967284705406,
      0.2349031078139738,
      0.22876565433666868,
      0.19508221939796294,
      0.10450745488517316,
      0.16906395909325306,
      0.15225116495806743,
      0.14306025625190183,
      0.12333770534813061,
      0.15941414844206517,
      0.05898729405218754,
      0.05526901498590708,
      0.2530415894537876,
      0.030517974127238556,
      0.08009730683574709,
      0.2384652477892371,
      0.09089945852538187,
      0.12350636601524963,
      0.06898748743922932,
      0.03531327011928507,
      0.047742315998610126,
      0.13388101905956404,
      0.04769198306038095,
      0.27793090316545527,
      0.08397496016067443,
      0.020396394458251255,
      0.24218961279312723,
      0.2005093269038908,
      0.005430126872839736,
      0.10865684378912706,
      0.16251959027963742,
      0.2800344811353006,
      0.03141766725290481,
      0.10892168447598392,
      0.020689570460426708,
      0.1335284164652242,
      0.2259367590926072,
      0.025243988455278633,
      0.103878809661351,
      0.2898146331387885,
      0.22967484803126545,
      0.04821024558834395,
      0.29309366811154997,
      0.2662938465115368,
      0.06931961549125722,
      0.20826361594814424,
      0.11643317210700073,
      0.13637616380461495,
      0.1266205266885741,
      0.26827809817431725,
      0.11836483409458134,
      0.059567967353331086,
      0.14753038477673894,
      0.153028230297729,
      0.020558132658209403,
      0.057878418167863044,
      0.13462653046925738,
      0.13820553423880397,
      0.127288282228985,
      0.20552747029114898,
      0.09839076020489572,
      0.10663086075155884,
      0.09624569217315165,
      0.19864856083408416,
      0.19916982860788726,
      0.09235985541927919,
      0.2353852260847678,
      0.115321299117454,
      0.047232218120547266,
      0.22020354323840546,
      0.17320234241885502,
      0.1435661872587974,
      0.11973154467597136,
      0.10315494892605288,
      0.2479161510000943,
      0.22466783078673677,
      0.24477767957096225,
      0.042142022689586243,
      0.2179497818600616,
      0.08479808883343005,
      0.16780379903454784,
      0.02684118447254269,
      0.1344979289064755,
      0.07535035267101799,
      0.2678821381451556,
      0.11320207648051109,
      0.029506267771516145,
      0.02739827744400374,
      0.12411616198499793,
      9.401595929103834E-5,
      0.29490537762854424,
      0.12267057140943967,
      0.2965975622791186,
      0.057311089297334146,
      0.19608018975569147,
      0.05778898233329875,
      0.17460268679050672,
      0.2834415031549619,
      0.24591730404188736,
      0.27050971858748213,
      0.2744604178553505,
      0.028883146162070647,
      0.10976045663919519,
      0.18267186993926962,
      0.29284112911877347,
      0.29466994823003734,
      0.009225346852730253,
      0.22282387721888905,
      0.2952170715696891,
      0.2828436938767462,
      0.02475972645891169,
      0.1269932283843415,
      0.26130277454932693,
      0.018268560552928016,
      0.07421067486514428,
      0.012036922656627314,
      0.24493529038747713,
      0.1672185958671106,
      0.24895419119028442,
      0.17517513943915913,
      0.03797682452051465,
      0.14272466112942087,
      0.11747674880151437,
      0.1459935884196708,
      0.10037799288467693,
      0.13005880218847177,
      0.12358364558755554,
      0.22594097614688313,
      0.020491464850017526,
      0.07965306163597106,
      0.007924570602034775,
      0.24698749702789283,
      0.07170458946491982,
      0.14231980065739416,
      0.18504591740696832,
      0.1654274144072673,
      0.1658666005264349,
      0.058613253548800176,
      0.24001049750625808,
      0.04608136854596727,
      0.14396310669857298,
      0.18738955808449825,
      0.2916573776441321,
      0.1418764575869336,
      0.023733980964970956,
      0.2306993959142554,
      0.11934869424608924,
      0.1946312899474455,
      0.2942476513570398,
      0.2822189181121409,
      0.17552730164941144,
      0.16801828727748372,
      0.23546038627111915,
      0.29802699546175476,
      0.09133003388936997,
      0.052948469816934775,
      0.2535425044147211,
      0.2098503831764067,
      0.1635080074619995,
      0.1527779234051672,
      0.2182404173036001,
      0.21723116626810068,
      0.055464878224843694,
      0.24974575413408706,
      0.08241024648875372,
      0.24292268490310828,
      0.11081269345382602,
      0.2491410358518761,
      0.24513089353498008,
      0.15712349964349165,
      0.03990636018356012,
      0.048173911800024026,
      0.020391727243103862,
      0.03193944434014102,
      0.2810194568472141,
      0.24760040247238518,
      0.1367229737560815,
      0.08953437180908148,
      0.22975763229791654,
      0.19547985638298143,
      0.008391034883852821,
      0.12010109939279393,
      0.22919539203582306,
      0.29052948394462436,
      0.21105477374998077,
      0.06367943083362981,
      0.09697987407774192,
      0.2716948589969418,
      0.035825062302233424,
      0.13912402505712393,
      0.21928411730618866,
      0.07284592570735524,
      0.09877757557683266,
      0.09186824248903708,
      0.2900671177573834,
      0.2836441736831671,
      0.03764823486063671,
      0.09543058635458186,
      0.11227124431879895,
      0.25671743536271496,
      0.0768256622286952,
      0.18473101863690755,
      0.27900447695575187,
