{
  "horizon": 720,
  "priceSchema": [
    0.198,
    0.198,
    0.198,
    0.198,
    0.225,
    0.225,
    0.249,
    0.849,
    0.849,
    0.225,
    0.225,
    0.198
  ],
  "agents": {"h1": {
    "neighbors": [],
    "backgroundLoad": [
      0.20689648476405995,
      0.29650772707281875,
      0.05131276541244568,
      0.04942086790339617,
      0.0404774804191263,
      0.09392778928665699,
      0.2950748288120652,
      0.2924433591256402,
      0.2313357731605456,
      0.03536452159523453,
      0.2700656663673508,
      0.1331841984312374,
      0.20984508415887643,
      0.07873515646505064,
      0.18006520693526587,
      0.2546205412145476,
      0.26142059107003457,
      0.15168374389676417,
      0.048689429337175905,
      0.08169334233204922,
      0.10487491646024119,
      0.09024961331804902,
      0.15532353150568115,
      0.04066817347147892,
      0.16968784709361878,
      0.035120606518916915,
      0.05889672558175143,
      0.03088406571142492,
      0.0956955014368807,
      0.025247723526307962,
      0.17768042656858593,
      0.1644529577590028,
      0.23994727183690012,
      0.031401382929066836,
      0.25464545351025003,
      0.2714108232616486,
      0.27221845221665963,
      0.07653337018604729,
      0.27197112220221126,
      0.13620771530608197,
      0.07581942679933068,
      0.008342331046710205,
      0.16762842358191563,
      0.034122766137659195,
      0.22488575870131114,
      0.05746392127802249,
      0.2827708717823997,
      0.10902897780147776,
      0.1871890068559886,
      0.17284154692993978,
      0.10010512461260264,
      0.16797620570326827,
      0.18347769484844081,
      0.14910423951495336,
      0.23821210827942144,
      0.08096456905738192,
      0.2751091146339511,
      0.19530199350982277,
      0.08800993150880491,
      0.07527669029387267,
      0.19108376760627308,
      0.2174765972275514,
      0.21041368522120932,
      0.2727826840602413,
      0.1670351994945992,
      0.1401329136340694,
      0.16175577963338406,
      0.1838604357167588,
      0.06504235618402082,
      0.04111144368508198,
      0.12785378007026169,
      0.06896287879010093,
      0.12443797454608915,
      0.283738407050719,
      0.11218667985708317,
      0.2158061198589937,
      0.29626485724795587,
      0.07008967715877905,
      0.03675337174870289,
      0.2647142996935308,
      0.2098146666070173,
      0.23382987839569958,
      0.05612712022833794,
      0.12616502096533025,
      0.25624976296098484,
      0.08380117363281593,
      0.24421281720874619,
      0.064955805133062,
      0.029489016263388443,
      0.04299127969483829,
      0.06421990053327856,
      0.21965655444520504,
      0.17085298105619556,
      0.025558803336604975,
      0.029051763946719187,
      0.27219643749915057,
      0.1777518486555697,
      0.10222639950911762,
      0.2311645290523355,
      0.2673332695039224,
      0.24112886297432654,
      0.2670804766957744,
      0.09955882807067387,
      0.1289727470071672,
      0.026330043358909625,
      0.22571134807919707,
      0.17497174032643847,
      0.21115844514428334,
      0.07706754352893908,
      0.14039739534542814,
      0.0011400492730479495,
      0.22609888824107793,
      0.22918016708874495,
      0.14975006925202247,
      0.25849830125133993,
      0.11601133364468913,
      0.20667169968999066,
      0.24844589956667243,
      0.05344695443282629,
      0.03833162787645741,
      0.23197841865234442,
      0.16888036161687367,
      0.05281907748267398,
      0.188341805432095,
      0.14113264538985973,
      0.07513858036754852,
      0.1226335334475023,
      0.050662226808644996,
      0.27052746138596284,
      0.22048826545439557,
      0.1986503794526604,
      0.14109531712089382,
      0.1454092527155726,
      0.08675145620967978,
      0.03447092013875289,
      0.2720663288366518,
      0.15656240101253413,
      0.003989948516689412,
      0.044585050734259314,
      0.041558328270745494,
      0.1746221907565976,
      0.15428498996076767,
      0.060386512064643134,
      0.032842433293514696,
      0.17509129011257596,
      0.2504236443339306,
      0.0017016675304502016,
      0.2756123455603055,
      0.21351890906888069,
      0.2957700461133943,
      0.007762090605973348,
      0.21609288526223647,
      0.016422201009199156,
      0.1697921288958195,
      0.24763725487368965,
      0.21035438556638444,
      0.14001964284561022,
      0.19489307928040958,
      0.18330308852981173,
      0.20539080256146025,
      0.027888722628337016,
      0.026213094194992036,
      0.1830162656211575,
      0.2815883254081319,
      0.047726478445415166,
      0.2610943445133753,
      0.209191404402926,
      0.2356190411174867,
      0.06763863171391404,
      0.11967774569956838,
      0.25709681913219684,
      0.21580126038061978,
      0.18040458265418258,
      0.273747914379656,
      0.14911747227297456,
      0.23699901825182262,
      0.1705791127202396,
      0.01556954028746198,
      0.025544837192351556,
      0.09077477895115077,
      0.12926005060077744,
      0.26555048293275846,
      0.0354953546577308,
      0.2490122826505046,
      0.2862513370558694,
      0.1240184329459931,
      0.11788952438174055,
      0.14897659809243802,
      0.2665829398134493,
      0.13359741920183865,
      0.20359278748740592,
      0.17398884408063675,
      0.24022932064906632,
      0.08070919691730183,
      0.2095669487929279,
      0.11073804580578647,
      0.1667868504819571,
      0.28768369176180625,
      0.22236852814699612,
      0.24291215662263443,
      0.13809891266636784,
      0.29795519311641205,
      0.06912912442259274,
      0.042951177497681826,
      0.14409067661202882,
      0.02954758612848597,
      0.06617595491953085,
      0.2507302285049894,
      0.006735643340153708,
      0.05568186249017002,
      0.08359927120061507,
      0.006876182893587057,
      0.08545409814766523,
      0.0996808606018317,
      0.2950652662856884,
      0.2989104082826285,
      0.12605108523269637,
      0.16494872693364335,
      0.17375801306567532,
      0.1290426751905843,
      0.17921988777427603,
      0.051345431773609874,
      0.17155939380793375,
      0.1698038777444754,
      0.06633486981093285,
      0.2873559966417078,
      0.05615152358881446,
      0.02946566486221087,
      0.14640275130798167,
      0.2911125454988238,
      0.2545445204530729,
      0.2867549216329792,
      0.04262714754136121,
      0.18751197668394093,
      0.29859978171596435,
      0.1466948812404673,
      0.23345923015566517,
      0.15082598787479054,
      0.2018550906658297,
      0.15066575379678937,
      0.10781210836471353,
      0.0560133373439321,
      0.023886104108689743,
      0.12435045354710852,
      0.21864300406523976,
      0.20297783615779816,
      0.12394876660011461,
      0.26121206622663445,
      0.26241152822262787,
      0.27889269801015276,
      0.07739811431427943,
      0.1083998421957623,
      0.026580846117989776,
      0.2175406371425668,
      0.17569697624426658,
      0.20711089412802353,
      0.1746770634333784,
      0.15602506560673143,
      0.2617255083076954,
      0.23317052406400404,
      0.296616768580392,
      0.08896725717894724,
      0.023326136406834497,
      0.05337857152215697,
      0.07198041580680005,
      0.0687828663932196,
      0.0017799080892552887,
      0.17253026526861023,
      0.1507721202511808,
      0.2449877367819699,
      0.19501509875173842,
      0.028694225707034258,
      0.024389290651785744,
      0.1493521000684628,
      0.26694818163220385,
      0.01682978506151137,
      0.22861580350088725,
      0.04285502572712134,
      0.28037341990023107,
      0.15963063061459623,
      0.09645128951096524,
      0.09114900314149162,
      0.07919349785513527,
      0.22336142147511764,
      0.07496897710473707,
      0.27457791487989197,
      0.12921110937771052,
      0.12362691219211225,
