{
  "horizon": 720,
  "priceSchema": [
    0.198,
    0.198,
    0.198,
    0.198,
    0.225,
    0.225,
    0.249,
    0.849,
    0.849,
    0.225,
    0.225,
    0.198
  ],
  "agents": {"h1": {
    "neighbors": [],
    "backgroundLoad": [
      0.25429082897884503,
      0.18310154222851055,
      0.12677666804748502,
      0.044129762148988116,
      0.28914523353338856,
      0.20602120650754696,
      0.17594057993968565,
      0.1013666164259208,
      0.26746080195144645,
      0.12727416986255388,
      0.009662452306080937,
      0.19503900543714373,
      0.07195364260825017,
      0.222868550210136,
      0.04825482685363184,
      0.2931713676806845,
      0.257069919138349,
      0.2572043990009638,
      0.10428959296633736,
      0.2638873214383844,
      0.030821979315702373,
      0.28448529815204454,
      0.14406481312735492,
      0.29742682237196594,
      0.17368861634430283,
      0.14689435932137984,
      0.03622556982789941,
      0.22547708475727865,
      0.011643881212955409,
      0.2513552131419119,
      0.19830618546644002,
      0.07538481215495237,
      0.058412671348982315,
      0.18577523690095893,
      0.2737094570103045,
      0.012550775274894831,
      0.2916132160497153,
      0.20376796669534633,
      0.29220581079361035,
      0.1250429192255118,
      0.06865083487722436,
      0.19415408987125177,
      0.03596656391466461,
      0.02426711219954649,
      0.228620048291263,
      0.20210378842231472,
      0.0035101532601134466,
      0.24982271462043953,
      0.0068076162172410965,
      0.11883028535066253,
      0.250531009737185,
      0.15250828515566997,
      0.2610169224162512,
      0.04135879058211134,
      0.02149268734452874,
      0.23124855272645112,
      0.011729435640252072,
      0.18728437549004956,
      0.03590506547834888,
      0.05457636275177961,
      0.10100460898225622,
      0.15798857865348917,
      0.14001090145399417,
      0.10869351735491302,
      0.16368314600985465,
      0.28724322159818727,
      0.24813031324958906,
      0.15609940725004387,
      0.0912996355335202,
      0.14040123324461162,
      0.25138909616488875,
      0.22574549821443796,
      0.0593463066824485,
      0.12121031114381042,
      0.2994830638982846,
      0.0276417009721745,
      0.17654520167279183,
      0.2774016073343342,
      0.21114701156342294,
      0.2565590419619226,
      0.05445193304814492,
      0.08439077791199405,
      0.29575169613855706,
      0.18898316142756902,
      0.2806151522722143,
      0.07020636789811074,
      0.06280706221931645,
      0.16929364628253568,
      0.21497773069076456,
      0.08535269134005481,
      0.24500314800059406,
      0.13720305627751841,
      0.20587359079425227,
      0.23366300732748538,
      0.2011741648903083,
      0.042179275568663764,
      0.24657895511681957,
      0.2691934867116656,
      0.026518160817268866,
      0.07749133413994637,
      0.10344869342819235,
      0.17492864772830286,
      0.1427312624090318,
      0.11735941701151241,
      0.2778822987613295,
      0.11293403882886223,
      0.14826717435107115,
      0.14481925915140823,
      0.11740301220458235,
      0.04324154232065969,
      0.10187737147794579,
      0.016907560828218447,
      0.1600536018170487,
      0.25276590782086666,
      0.299924934153978,
      0.1239840785946098,
      0.26381800267711547,
      0.22413623355694975,
      0.2524919070660618,
      0.25285989111839463,
      0.021071312003448295,
      0.27132109555485473,
      0.09121374641138076,
      0.28319261527619355,
      0.19695500826377135,
      0.06261806487598083,
      0.08923587383442562,
      0.2240313857924723,
      0.16895165307126078,
      0.19492209964345178,
      0.04238700135631407,
      0.2669065008212215,
      0.0294508578782802,
      0.11004631235890955,
      0.14897919318559885,
      0.0959654313028349,
      0.18441940169873736,
      0.1775705732391075,
      0.27735538525246267,
      0.05117881819359632,
      0.28447093926474437,
      0.06627510913483146,
      0.07137165570603533,
      0.2786399798984726,
      0.22867863940324812,
      0.12774717296937474,
      0.2898006523890244,
      0.18826323384160867,
      0.1224294385555089,
      0.013790191782089055,
      0.20033473754184278,
      0.1637010492228551,
      0.1882629404471379,
      0.10188578806816902,
      0.2303862789251677,
      0.10613194212490885,
      0.04213032918399705,
      0.24734523684855642,
      0.1843380803400843,
      0.07374997036112335,
      0.10303195282286003,
      0.10650414597456088,
      0.12554954278325245,
      0.11166266119812253,
      0.04311675233663041,
      0.1900915755005076,
      0.2508295153649872,
      0.22056669343563093,
      0.27261406118445075,
      0.25767943532561993,
      0.11846261323357997,
      0.00852620398539774,
      0.0023064030583206385,
      0.13183253666606626,
      0.2188630544148832,
      0.08890864293016819,
      0.17896018735135183,
      0.15014016500689076,
      0.01906955479294341,
      0.14049122558466723,
      0.15239424683422814,
      0.20970883108105806,
      0.10010498635902855,
      0.03933313863472685,
      0.052049793200483314,
      0.2873040819505727,
      0.23514041459111373,
      0.263599866473368,
      0.05799464071008056,
      0.20325799395358926,
      0.231874922543209,
      0.177179865013299,
      0.11289174268433153,
      0.04072936695745892,
      0.00414932573278215,
      0.07446063227530324,
      0.10362895882092911,
      0.24910773441054146,
      0.055110058655059066,
      0.1678888969619344,
      0.21888866328857357,
      0.2354257566944361,
      0.2601833855155407,
      0.1011325231532433,
      0.20731175013752495,
      0.2422460300936593,
      0.2683417656950475,
      0.24976981249962554,
      0.2741324792077191,
      0.28511054824460774,
      0.0387703953310372,
      0.28810551273103424,
      0.14906019801505602,
      0.07480469533688595,
      0.2138356286690897,
      0.04548319126331136,
      0.2507242823178825,
      0.021364405843713675,
      0.2238474018702503,
      0.22885493537784518,
      0.2599581142656151,
      0.09708455926818375,
      0.1305684784654504,
      0.03435574196936226,
      0.15878416674023588,
      0.19031948097003612,
      0.24301018666485807,
      0.05339882953429396,
      0.16063051806654738,
      0.1688655779726782,
      0.09364844211987051,
      0.021507527012945258,
      0.021418923789793886,
      0.18130095459802795,
      0.15932915351058646,
      0.024443614795991574,
      0.1599383775249633,
      0.25123671800909886,
      0.2752932556480724,
      0.18365766042582615,
      0.22098940900737407,
      0.17270198509276669,
      0.14948938858740538,
      0.1612966509658945,
      0.18276264310634036,
      0.22013432392186236,
      0.0743668944977738,
      0.15959564618208835,
      0.10471242024440718,
      0.2807897871589292,
      0.22917194053197015,
      0.11153976767265787,
      0.005668772814448231,
      0.02965376583677931,
      0.035958028594210954,
      0.26221177061506407,
      0.1515967936105355,
      0.027934336581125718,
      0.28569042755902746,
      0.2763415183409536,
      0.16195468197935575,
      0.24790838606780913,
      0.11302006372475298,
      0.11490759785615057,
      0.27680830319560007,
      0.0011065307037611215,
      0.1522936631762702,
      0.07871854824969511,
      0.2735701892950709,
      0.21967896168202897,
      0.164746872154791,
      0.2543521034850519,
      0.1514979617180841,
      0.0417313131311263,
      0.2981375758646827,
      0.032690725739546955,
      0.056056786969967055,
      0.23565624482270167,
      0.058093374578531906,
      0.26391865436700707,
      0.20328393638731054,
      0.1090094584609582,
      0.006954875966181417,
      0.041454359866133016,
      0.29451121167039174,
      0.14157753842959594,
      0.09896580993048054,
      0.00243245596511511,
      0.10035432830296015,
