{
  "horizon": 720,
  "priceSchema": [
    0.198,
    0.198,
    0.198,
    0.198,
    0.225,
    0.225,
    0.249,
    0.849,
    0.849,
    0.225,
    0.225,
    0.198
  ],
  "agents": {"h1": {
    "neighbors": [],
    "backgroundLoad": [
      0.12076180251620915,
      0.2758372843690679,
      0.10469222162825055,
      0.17747157844056535,
      0.19155809996781967,
      0.09567844127519969,
      0.17738637401187932,
      0.050056505086220206,
      0.0035965071568194174,
      0.012295715460448263,
      0.02620755348678273,
      0.29088837829475334,
      0.26256803370725923,
      0.13810423242399206,
      0.08224571513681812,
      0.03809977993628918,
      0.1785377212074352,
      0.031690160660756535,
      0.12183972046747127,
      0.2329169113256965,
      0.08820233635395398,
      0.12408878117546501,
      0.1849974382227152,
      0.16961783139949543,
      0.13236605424629364,
      0.10354446814086868,
      0.299165785429478,
      0.27509906455328753,
      0.15449903076985666,
      0.13555006383285953,
      0.02142027911168627,
      0.11130129184762823,
      0.021320094465050798,
      0.017085001094968532,
      0.09651843772315061,
      0.17233353372780322,
      0.18102572328960626,
      0.06884198239895141,
      0.10057071075562476,
      0.12716770380904954,
      0.009279606118219418,
      0.2141170646824342,
      0.1543497630442565,
      0.09869625814452825,
      0.06265108311007442,
      0.10726066718067115,
      0.18852282069037046,
      0.28806477563873184,
      0.2320702932833102,
      0.10936235465997758,
      0.1373448974814609,
      0.16180772024887927,
      0.09250657175300621,
      0.2638468678192059,
      0.21205571413183408,
      0.11408910874455627,
      0.18492954347368354,
      0.030254822100930653,
      0.2803547496231689,
      0.08036719403631946,
      0.13745422537797874,
      0.1354261652609948,
      0.260290630495935,
      0.29453574011149003,
      0.045151648113320404,
      0.17577302848353596,
      0.09480686996523907,
      0.27681343962487626,
      0.2322352005393147,
      0.018997638327767595,
      0.22194763433853262,
      0.26647072078673417,
      0.2215083180118251,
      0.19783640740186748,
      0.021495499400044447,
      0.18456433114806817,
      0.014817266710155506,
      0.2709294649807317,
      0.15876236294367965,
      0.1429990459046619,
      0.08363305523609339,
      0.04108971443149403,
      0.11148490771437514,
      0.22917598158117,
      0.0458557785310131,
      0.2072470268191175,
      0.24796191097650733,
      0.1775318061956016,
      0.1720134492820161,
      0.039393818297871204,
      0.12722384076007234,
      0.24855037493947615,
      0.132678292312205,
      0.022606367031721263,
      0.012776064897558892,
      0.20224660409983172,
      0.27985300944436514,
      0.2266505477128565,
      0.024427652445475068,
      0.2347202795037545,
      0.17327430130900448,
      0.1947669843763819,
      0.044917990462316225,
      0.09055858175405543,
      0.24728733022362742,
      0.2698898584635009,
      0.20192033957839436,
      0.1735756726656361,
      0.09556629576970323,
      0.2456291246845512,
      0.14969396735043203,
      0.02428626752121288,
      0.1450878843307146,
      0.16975913866323428,
      0.24313989917223003,
      0.283455922014244,
      0.1288609119478725,
      0.2748623181988704,
      0.1402279977827874,
      0.05616662235737541,
      0.2928472647920227,
      0.13055705793303352,
      0.05898914051075289,
      0.2957284726430675,
      0.29687799766279516,
      9.23661505359441E-4,
      0.2628874366940249,
      0.28654507722161243,
      0.13406050342290915,
      0.08251093556414103,
      0.2454024801602757,
      0.015833839066309807,
      0.12121174852221522,
      0.2610861835523285,
      0.17441327109771618,
      0.1760995493078805,
      0.2793359657045647,
      0.28959454527278844,
      0.10946415755589996,
      0.2912159151609683,
      0.04981473335939424,
      0.2521455847154048,
      0.24825971115424,
      0.009774173097584415,
      0.2753504495178519,
      0.15050686380013298,
      0.26587634249384745,
      0.12265724977349074,
      0.2110008141008407,
      0.23366040269850644,
      0.29626375679107597,
      0.02274507718214883,
      0.03282614337594997,
      0.017274720743502635,
      0.1044996589232537,
      0.17022926418511897,
      0.1667744179803362,
      0.24047577773701187,
      0.041685022849571575,
      0.07370902133773267,
      0.20978081695589307,
      0.13346367066447373,
      0.0671272404295697,
      0.24032886327689798,
      0.20513041988339364,
      0.07512649805500603,
      0.20062831867569889,
      0.10750758869657562,
      0.10729272162460908,
      0.17360478342802643,
      0.19873675910821098,
      0.17562192722515915,
      0.24606458966030278,
      0.09607056579577161,
      0.09733795262830798,
      0.10074543315759861,
      0.20346585099957964,
      0.08414833011380543,
      0.27710788629243077,
      0.011669481103926271,
      0.1610103815497811,
      0.10701866913742222,
      0.12706139172493078,
      0.03954515475468091,
      0.054527795064925166,
      0.04425531352066315,
      0.23825782899582837,
      0.14926099934348758,
      0.2048389259993392,
      0.06342937349333373,
      0.18388525703555622,
      0.26005350140317124,
      0.21786558549846805,
      0.04869293142416814,
      0.07126781514498816,
      0.0778905084111339,
      0.1570929736709819,
      0.16589886029197343,
      0.10729916772462898,
      0.02393174281614996,
      0.021451320039607924,
      0.021153742022228517,
      0.1308183870729083,
      0.21871962623785102,
      0.02778073802938794,
      0.04940386524056447,
      0.26979403329574464,
      0.142974014014587,
      0.07943804034551312,
      0.20325267331254093,
      0.24450667285119015,
      0.16340186345516153,
      0.0815601042575106,
      0.09352572140685687,
      0.22314010236072976,
      0.2701080473880714,
      0.2064086148352065,
      0.2670534834028147,
      0.06457454314771315,
      0.05031175162362373,
      0.2580445251084942,
      0.05977794303470831,
      0.0162934043834262,
      0.19326515923365328,
      0.18243865019579725,
      0.1425471925666423,
      0.10849814613943944,
      0.1964605241263115,
      0.2737072646297722,
      0.17698422707200814,
      0.029003799114482875,
      0.03243938981901249,
      0.043218877268594955,
      0.2369631161380549,
      0.03921513346760578,
      0.042145169270482716,
      0.27290081936092747,
      0.15379761482854293,
      0.2969476967116248,
      0.257404243982878,
      0.008765936575115362,
      0.23896677883999506,
      0.16599237996963906,
      0.07880565904521358,
      0.1504388623408938,
      0.27412206844886405,
      0.10287215840595845,
      0.2787192576018145,
      0.09561380355227612,
      0.18882678912580395,
      0.06343120000440465,
      0.12409279196817267,
      0.11993693088782077,
      0.1443965561829467,
      0.008505485089175225,
      0.11024540519818925,
      0.1585037070298751,
      0.1308592068995861,
      0.20508474737243557,
      0.08650687118263753,
      0.07840713567400813,
      0.10852730771032566,
      0.12329330938258794,
      0.25978123044958745,
      0.21927417207013666,
      0.22960376046969325,
      0.2941008959888938,
      0.29891205295990175,
      0.2156912583910375,
      0.17343242445488868,
      0.17643539284825022,
      0.055498124542726436,
      0.024656123762839998,
      0.24939977408715733,
      0.12111186878586704,
      0.00747068919432502,
      0.0625937190863774,
      0.1165732969022646,
      0.04612843157583274,
      0.06721025184586062,
      0.10265154344984025,
      0.2796757013586642,
      0.2174228305535847,
      0.20711357805905065,
      0.21674233915106464,
      0.28527550776897276,
      0.24931695458418768,
      0.06256764871085771,
      0.06154282708928612,
