{
  "horizon": 720,
  "priceSchema": [
    0.198,
    0.198,
    0.198,
    0.198,
    0.225,
    0.225,
    0.249,
    0.849,
    0.849,
    0.225,
    0.225,
    0.198
  ],
  "agents": {"h1": {
    "neighbors": [],
    "backgroundLoad": [
      0.11173803272008155,
      0.19547008048681588,
      0.23475694040630288,
      0.2642887439489608,
      0.271888439284026,
      0.03788473781531193,
      0.1528544245147571,
      0.29241503763198523,
      0.12023260702406291,
      0.16047356934289506,
      0.29435598369599897,
      0.26081265964570816,
      0.13733570383912527,
      0.048560009771279396,
      0.22511927480211924,
      0.29188385385662546,
      0.12128631297591998,
      0.285327105337546,
      0.11646254540042122,
      0.13442502721466087,
      0.08823483554229229,
      0.06707599164362558,
      0.17763691804908854,
      0.05962607969560861,
      0.2972924842154914,
      0.05390609577255715,
      0.15663316610998568,
      0.23491117220466953,
      0.1627325349816651,
      0.28865219154491084,
      0.08995094628887994,
      0.04271927703247458,
      0.0011238884050283392,
      0.10401204272205787,
      0.19418790596778363,
      0.17247876475046153,
      0.24952516309844566,
      0.12895996442458488,
      0.17925621757246316,
      0.2901625450407079,
      0.19900939929613617,
      0.22651421454173007,
      0.19446232630827234,
      0.24926068983731914,
      0.2296343311124778,
      0.15121629559791003,
      0.18851434304915748,
      0.29089516636765306,
      0.24630400452073595,
      0.09115905317128392,
      0.2240251959454221,
      0.06937275988368631,
      0.16224049384983058,
      0.2771805327071368,
      0.21672205413811552,
      0.023839335297008456,
      0.0017844561523505552,
      0.19221013657556266,
      0.14632937796184292,
      0.08891382087646556,
      0.012076645411074992,
      0.004248804815888551,
      0.23212669088779955,
      0.1529780248674257,
      0.22347142270295536,
      0.23353710130174127,
      0.06119084958673908,
      0.2733211532630072,
      0.09005556080696674,
      0.15131959504485773,
      0.29636336772452715,
      0.014728210982454436,
      0.20532186319145015,
      0.16601281710522195,
      0.17593346240938942,
      0.13069944421756516,
      0.21988555005160582,
      0.29214919191394323,
      0.23240465975190022,
      0.050577210764539124,
      0.06342695424363926,
      0.0013762234402531215,
      0.2856449199915162,
      0.20248154581048636,
      0.17372427613621064,
      0.006017682068757591,
      0.18313793778452922,
      0.17286109054193982,
      0.2197154747153909,
      0.1165006854527274,
      0.14021351618411915,
      0.18857001513807548,
      0.008347253332052862,
      0.05869215358755568,
      0.14554893006266742,
      0.2511699816126078,
      0.11038350143681543,
      0.09077619657397756,
      0.1553608380241582,
      0.18100947519799881,
      0.1201811006791278,
      0.2118853078956355,
      0.2539578306322194,
      0.12491050865326224,
      0.13833304152101436,
      0.20648718846913072,
      1.1329414353000722E-4,
      0.2171955288991843,
      0.24018387862512086,
      0.011646450474853876,
      0.19270249768845804,
      0.2729004853630346,
      0.022831446078450366,
      0.158516894684259,
      0.11294339436684042,
      0.1978280054998734,
      0.0442020724345499,
      0.1363800877151035,
      0.053967179352739356,
      0.049527083586225096,
      0.16069787809447922,
      0.016497255114814535,
      0.0636460379888325,
      0.1480848020032214,
      0.1967010519043811,
      0.12067376815752473,
      0.20272444599919864,
      0.009613021441103885,
      0.20766063753758537,
      0.2623685297562451,
      0.1400403624293078,
      0.1526481270080225,
      0.030867589165528342,
      0.04280379790487974,
      0.1337169524391318,
      0.01512337741141747,
      0.06218660043157171,
      0.07422548321865897,
      0.1134416765494027,
      0.08057978989471185,
      0.12399014233038537,
      0.15900378234903986,
      0.058267363724436055,
      0.2390388075347522,
      0.2332218582053819,
      0.15367330543583732,
      0.12917488110479017,
      0.17225340888037557,
      0.11942835543052263,
      0.20336660701873208,
      0.06487948598604022,
      0.08542810953498349,
      0.132952015754541,
      0.16928263969172272,
      0.2255119181307158,
      0.1010854466897612,
      0.042606906835773846,
      0.05474748079471958,
      0.1711929239889097,
      0.1529337574871197,
      0.17711645528223804,
      0.06076138917242582,
      0.19706215067467356,
      0.25410869759231275,
      0.2713438136859435,
      0.26727026338642534,
      0.010284736202917588,
      0.2520465244103896,
      0.28639105222631267,
      0.03141429613475925,
      0.14135099684610358,
      0.11950260328330521,
      0.17330042499574083,
      0.14694156540941739,
      0.1642396196488701,
      0.11626005330323075,
      0.14300306631249016,
      0.07629618601566567,
      0.015461725833279682,
      0.2759131445293891,
      0.01634179428698739,
      0.07131800793770215,
      0.0028274213610399944,
      0.165862761222844,
      0.12844262685078559,
      0.06665705210792953,
      0.07609675350947503,
      0.20867388037134207,
      0.163449825392956,
      0.17288009091410125,
      0.1254201589021569,
      0.1814264475123982,
      0.23117252353953352,
      0.018349672571621598,
      0.23210733735753258,
      0.19769901879008228,
      0.04759708462869062,
      0.17746804895762158,
      0.26457891772232073,
      0.02174332535802571,
      0.1317447682042269,
      0.03330920874467117,
      0.22852437845208107,
      0.28236187247366334,
      0.035129916036212135,
      0.2139068166421678,
      0.26413851827542134,
      0.1676167982159685,
      0.23466007239981093,
      0.27065518415241324,
      0.02821329785419968,
      0.15158941570258117,
      0.25421557126908706,
      0.24627974396549082,
      0.22234280705083545,
      0.11540045198151416,
      0.23529067136656995,
      0.17880095103641414,
      0.2798258318697144,
      0.19367411355774913,
      0.17286657073397235,
      0.2422748333260555,
      0.08265142767183094,
      0.2119386066787425,
      0.24563410640168715,
      0.0743485037363484,
      0.24011626861264246,
      0.10838453064674872,
      0.009628640570492342,
      0.013829918746162217,
      0.13951049631061266,
      0.2242280919868295,
      0.050542969920950996,
      0.26389339060444483,
      0.20278062769078387,
      0.08060849245550321,
      0.2303631633005536,
      0.0601903128339964,
      0.23186818384228405,
      0.07158528693002651,
      0.0022743379620392967,
      0.002014340969177131,
      0.09824577785735346,
      0.2010899185249028,
      0.19868455183158912,
      0.28484804229395855,
      0.12028679144788854,
      0.15991640978848895,
      0.26597140208260256,
      0.144761917562426,
      0.2317820040574679,
      0.284549929029496,
      0.14620183938685008,
      0.06137273065191255,
      0.27117389321470614,
      0.047842002563247485,
      0.11573946694766357,
      0.00391888350039733,
      0.07547141616219159,
      0.006606868515432451,
      0.10026512440728955,
      0.2623249782474757,
      0.28230485771445685,
      0.07514889626617584,
      0.16722960443607107,
      0.13424245304437565,
      0.19196815397491582,
      0.061479860468307584,
      0.012864504355532047,
      0.049760181796749535,
      0.1384774647622128,
      0.017029225255981682,
      0.2522360519184809,
      0.003492602865204586,
      0.19884122396903783,
      0.05672075098974397,
      0.13656706391173007,
      0.28786479930345976,
      0.19697084122373434,
      0.1896344916825885,
      0.2945765361889829,
      0.044017108646664825,
      0.025252870528214344,
      0.1632810521571482,
      0.05181220530405206,
      0.026732785448867813,
      0.2952688562150758,
      0.2386361012314137,
